pruning_thresh,quality,sensitivity,map
0.3,60,0.022888713496448304,0.008938548044909098
0.3,70,0.2509865824782952,0.13283074908218692
0.3,80,0.48303078137332284,0.2971715505018779
0.3,90,0.5367008681925809,0.3518044207557052
0.3,100,0.4964483030781373,0.33630066807457604
0.35,60,0.0,0.0
0.35,70,0.04025256511444357,0.02232555542651553
0.35,80,0.07734806629834254,0.057425199256988614
0.35,90,0.1270718232044199,0.07746407166093076
0.35,100,0.10339384372533544,0.05847456292704333
