video_name,model_time_mean,model_time_std
b4fe0b47-a7819060,41.892261276245115,117.21423724388524
b5fa32f1-4e9c7d32,29.94132989883423,1.010503616139612
b4c0a877-66fc6239,29.718647384643553,1.565323674509636
b49a1b50-186fb520,27.248021049499513,1.9907058312034254
b610204c-e3c8c65f,30.00080286026001,1.110521101257886
b4d2dede-18dc0cd0,26.2810115814209,1.45566219436286
b69d5b1d-03bd6daa,28.33172649383545,2.086527799227083
b607dd6a-1d8f33b9,30.284294452667236,1.1163813206507187
b5f9cb1e-c84e2ce9,29.96646852493286,0.9054306288145492
