pruning_thresh,quality,sensitivity,map
0.3,0.5911602209944752,2,0.39250907361035914
0.3,0.2833464877663773,4,0.20349391482711182
0.3,0.17837411207576953,6,0.12735895992381935
0.3,0.0,8,0.0
0.3,0.0,10,0.0
0.35,0.19652722967640096,2,0.14232963372298094
0.35,0.003946329913180742,4,0.003056234718826406
0.35,0.0,6,0.0
0.35,0.0,8,0.0
0.35,0.0,10,0.0
