video_name,pruning_thresh,jepg_quality,data_size_mean,data_size_std,cpu_cli_mean,cpu_cli_std,cpu_cli_mem_mean,cpu_cli_mem_std,cuda_cli_mem_mean,cuda_cli_mem_std,cpu_edge_mean,cpu_edge_std,cuda_edge_mean,cuda_edge_std,cpu_edge_mem_mean,cpu_edge_mem_std,cuda_edge_mem_mean,cuda_edge_mem_std
b4fe0b47-a7819060,0.05,60,23634.0,0.0,413.71046000000007,113.60376839131878,6.6,0.0,70.5201,0.9027895601966163,2.5577500000000004,0.9994794482629445,4.43085,0.04334821218920111,0.1827253,0.030955705046243086,14.932799999999997,0.564627452396711
b5fa32f1-4e9c7d32,0.05,60,23634.0,0.0,394.03334,105.08690032284898,6.6,0.0,70.5718,1.068189477574087,2.21676,0.5993214850145121,4.42658,0.0401069021491314,0.18168480000000004,0.03017291426030969,14.8666,0.4502493087168487
b4c0a877-66fc6239,0.05,60,23634.0,0.0,394.1680099999999,116.86941715987935,6.6,0.0,70.7512,1.3285272146252787,2.2568,0.7156383444170666,4.40594,0.04175136404957328,0.17998670000000005,0.03082851881148363,14.819499999999996,0.45288491915717405
b49a1b50-186fb520,0.05,60,23634.0,0.0,368.20117,95.23484530391751,6.6,0.0,70.5859,1.1854805734384695,2.1346600000000002,1.8787130713336724,4.3563600000000005,0.046250085405326574,0.1782963,0.02643872817118857,14.888100000000001,0.5840748154132313
b610204c-e3c8c65f,0.05,60,23634.0,0.0,398.93456,101.50424690665115,6.6,0.0,70.90189999999998,1.6082541434735989,2.39143,1.8346244207194016,4.41943,0.04220574723897213,0.1850594,0.03314730308245303,14.910599999999997,0.4413090073859814
b4d2dede-18dc0cd0,0.05,60,23634.0,0.0,346.01225000000005,95.62717996630195,6.6,0.0,70.64030000000001,1.1161482473220126,1.9153400000000003,0.8796523088129765,4.342619999999999,0.03535301401578089,0.18252000000000002,0.030978211697901478,14.8227,0.48624449611280957
b69d5b1d-03bd6daa,0.05,60,23634.0,0.0,390.02314999999993,102.67848661656198,6.6,0.0,70.6795,1.3272086309243172,2.2256100000000005,0.7602052472194599,4.37688,0.046081944403421164,0.1816758,0.03017219929604072,14.793,0.4785927287370757
b607dd6a-1d8f33b9,0.05,60,23634.0,0.0,363.82496999999995,99.8517398361646,6.6,0.0,70.74700000000001,1.3418170516132228,2.6082400000000003,2.7398871769472555,4.425930000000001,0.04182445576454045,0.1842149,0.03246519257589581,14.937099999999997,0.4536635206846591
b5f9cb1e-c84e2ce9,0.05,60,23634.0,0.0,394.49427,102.34056325249095,6.6,0.0,70.58819999999999,1.0404214338430366,2.58836,2.166892353210007,4.43394,0.033737759261693735,0.17745680000000003,0.02802343939918867,14.8615,0.48772815174029094
