video_name,pruning_thresh,jepg_quality,head_time_mean,head_time_std,tail_time_mean,tail_time_std,encode_time_mean,encode_time_std,decode_time_mean,decode_time_std,request_time_mean,request_time_std
b4fe0b47-a7819060,0.05,60,18.476679067611695,25.392835411178275,10.498345913887023,17.58899173437021,14.688748259544372,82.05645487624882,3.853691825866699,5.061011255295873,108.1741833114624,48.92525549259996
b5fa32f1-4e9c7d32,0.05,60,15.95578402519226,1.1943271415837389,8.069906833171844,3.58096404511094,6.626162896156311,0.5106673306456777,3.3925740718841553,0.6506854271416241,103.07319881439209,36.85883650304836
b4c0a877-66fc6239,0.05,60,15.684085721969604,0.9894439088758114,7.107083842754364,1.699049306604038,6.589884476661682,0.3385324879628238,3.416857599020004,0.9546320082555647,101.13570068359375,38.54008557644148
b49a1b50-186fb520,0.05,60,15.757429084777833,1.059529567036416,5.9608508968353275,1.6712039164448644,6.4486185693740845,0.4752399637273453,3.3410739398002622,0.8522914703573142,93.7785470199585,36.62343621002877
b610204c-e3c8c65f,0.05,60,15.77467267036438,0.9902966951883746,7.277256307601928,1.6557677624625278,6.380389132499695,0.4412945683307056,3.389269759654999,0.6917786959823239,103.94857791900635,36.178903395274915
b4d2dede-18dc0cd0,0.05,60,15.751011180877686,1.0534646044096403,5.528851842880249,1.1715509458768254,6.518464622497558,0.44999919903170443,3.4606617665290833,0.7180753907296493,88.40566215515136,29.420294320536424
b69d5b1d-03bd6daa,0.05,60,15.510559663772582,1.079163413863619,6.579771504402161,1.6870694629162868,6.53142080783844,0.3987294508131397,3.4164617586135866,0.6235586507667109,96.536149559021,36.22011914653035
b607dd6a-1d8f33b9,0.05,60,15.438605098724365,0.9680012982104635,7.579968678951263,1.6577424561754373,6.553067831993103,0.4175466304687379,3.419082236289978,0.6319184581898957,104.63441497802734,37.221797188384436
b5f9cb1e-c84e2ce9,0.05,60,15.693367042541503,0.9856426602662102,7.43875741481781,2.375300010445826,6.687304692268372,0.4241696037249424,3.26615713596344,0.6739316649025542,104.18707115173339,34.77898634833766
