video_name,pruning_thresh,jepg_quality,head_time_mean,head_time_std,tail_time_mean,tail_time_std,encode_time_mean,encode_time_std,decode_time_mean,decode_time_std,request_time_mean,request_time_std
b4fe0b47-a7819060,0.05,60,18.776572465896606,24.61228756573094,8.645600304603576,17.972230829238967,15.071224236488343,81.59411040907598,3.1677340698242187,5.172720732527807,399.6419287109375,113.5893428777319
b5fa32f1-4e9c7d32,0.05,60,15.67696738243103,0.9914494803468391,5.737704319953918,1.2038300254481418,6.726500167846679,0.4862709239910026,2.591269111633301,0.48937189090197236,379.88609283447266,105.10380072495985
b4c0a877-66fc6239,0.05,60,15.864550046920776,0.9677696021999204,5.652386565208435,1.2185131136648726,6.861960964202881,0.4686892482525133,2.6178905522823332,0.5108976836964686,380.1443405151367,116.90665826286686
b49a1b50-186fb520,0.05,60,15.864140758514404,0.9216562198902574,4.899337596893311,1.996985243832971,6.849236149787902,0.5170621068489731,2.530989761352539,0.41245849070809043,354.0419696044922,95.24202652450361
b610204c-e3c8c65f,0.05,60,16.015742464065553,1.0690197705158706,5.919396183490753,2.1681982265204076,6.959136643409729,0.5440430196179767,2.6160204815864563,0.5081002577754461,384.83616760253904,101.55774798597749
b4d2dede-18dc0cd0,0.05,60,16.031765432357787,1.024338767504362,4.4477424049377445,1.0075999824390536,6.883511996269226,0.48445126307268305,2.5559523236751556,0.45640910034836335,331.9395056152344,95.64552397515314
b69d5b1d-03bd6daa,0.05,60,15.554687356948852,0.7793466134660378,5.41281952381134,1.5454867933824041,6.8656185483932495,0.5725430336606315,2.743083198070526,0.5864331613371216,375.8874432373047,102.67492642655301
b607dd6a-1d8f33b9,0.05,60,15.808326444625855,0.9528423211402847,5.922817924022675,2.572296223207697,6.987136015892029,0.5294709011863329,2.5375167965888976,0.501305788397828,349.72605056762694,99.88577631149177
b5f9cb1e-c84e2ce9,0.05,60,15.913753910064697,1.1732386332701907,6.074763517379761,1.6771715057044883,7.123434882164002,0.5706698383596054,2.812549433708191,1.7840888540681787,380.3270007324219,102.36232697262923
