pruning_thresh,quality,sensitivity,map
0.3,1,0.6535122336227308,0.41160242236325667
0.3,2,0.6795580110497238,0.44070494313078096
0.3,3,0.6558800315706393,0.4321058997185384
0.3,4,0.6992896606156275,0.4655395838913027
0.3,5,0.6985003946329913,0.4553191081355722
0.35,1,0.20126282557221783,0.1048311093206724
0.35,2,0.20441988950276244,0.10906008526359207
0.35,3,0.19889502762430938,0.10699630476928264
0.35,4,0.20757695343330704,0.11147629997337802
0.35,5,0.2052091554853986,0.11028134942264173
